{
    "importLog": [
        {   "_id": 117820,
            "name": "admin",
            "account": "信用卡_50：676",
            "user": "超管5(admin5)",
            "date": "2021-09-03 10:23:55"
        },
        {   "_id": 117820,
            "name": "admin",
            "account": "信用卡_50：676",
            "user": "超管5(admin5)",
            "date": "2021-09-03 10:23:55"
        },
        {   "_id": 117820,
            "name": "admin",
            "account": "信用卡_50：676",
            "user": "超管5(admin5)",
            "date": "2021-09-03 10:23:55"
        },
        {   "_id": 117820,
            "name": "admin",
            "account": "信用卡_50：676",
            "user": "超管5(admin5)",
            "date": "2021-09-03 10:23:55"
        },
        {   "_id": 117820,
            "name": "admin",
            "account": "信用卡_50：676",
            "user": "超管5(admin5)",
            "date": "2021-09-03 10:23:55"
        },
        {   "_id": 117820,
            "name": "admin",
            "account": "信用卡_50：676",
            "user": "超管5(admin5)",
            "date": "2021-09-03 10:23:55"
        },
        {   "_id": 117820,
            "name": "admin",
            "account": "信用卡_50：676",
            "user": "超管5(admin5)",
            "date": "2021-09-03 10:23:55"
        },
        {   "_id": 117820,
            "name": "admin",
            "account": "信用卡_50：676",
            "user": "超管5(admin5)",
            "date": "2021-09-03 10:23:55"
        },
        {   "_id": 117820,
            "name": "admin",
            "account": "信用卡_50：676",
            "user": "超管5(admin5)",
            "date": "2021-09-03 10:23:55"
        },
        {   "_id": 117820,
            "name": "admin",
            "account": "信用卡_50：676",
            "user": "超管5(admin5)",
            "date": "2021-09-03 10:23:55"
        },
        {   "_id": 117820,
            "name": "admin",
            "account": "信用卡_50：676",
            "user": "超管5(admin5)",
            "date": "2021-09-03 10:23:55"
        }
    ],
    "RecyclingApproval": [
        {
            "_id": 202603,
            "account":"country--ph--100069415766660--09469416518--armada panie.txt",
            "reason":"账号受限，备用BM已挂",
            "extension":"林鸿兰",
            "type":"信用卡",
            "ip":"HK",
            "batch":"MX专用2",
            "Rechargecardnumber": "aaaaa",
            "bm": "信用卡户-7.047/7.048",
            "cardnumber": "5329597557385406",
            "date":"2021-09-03 14:48:59",
            "comedate": "2021-09-03 14:48:59"
        },
        {
            "_id": 202613,
            "account":"country--ph--100069415766660--09469416518--armada panie.txt",
            "reason":"账号受限，备用BM已挂",
            "extension":"黄晨娃",
            "type":"信用卡",
            "ip":"HK",
            "batch":"MX专用2",
            "date":"2021-09-04 14:48:59"
        },
        {
            "_id": 201603,
            "account":"country--ph--100069415766660--09469416518--armada panie.txt",
            "reason":"账号受限，备用BM已挂",
            "extension":"林鸿兰",
            "type":"信用卡",
            "ip":"HK",
            "batch":"MX专用2",
            "date":"2021-09-05 14:48:59"
        },
        {
            "_id": 212603,
            "account":"country--ph--100069415766660--09469416518--armada panie.txt",
            "reason":"账号受限，备用BM已挂",
            "extension":"黄晨娃",
            "type":"信用卡",
            "ip":"HK",
            "batch":"MX专用2",
            "date":"2021-09-06 14:48:59"
        },
        {
            "_id": 202503,
            "account":"country--ph--100069415766660--09469416518--armada panie.txt",
            "reason":"账号受限，备用BM已挂",
            "extension":"李广鑫",
            "type":"信用卡",
            "ip":"HK",
            "batch":"MX专用1",
            "date":"2021-09-07 14:48:59"
        },
        {
            "_id": 202203,
            "account":"country--ph--100069415766660--09469416518--armada panie.txt",
            "reason":"账号受限，备用BM已挂",
            "extension":"黄晨娃",
            "type":"信用卡",
            "ip":"HK",
            "batch":"MX专用2",
            "date":"2021-09-08 14:48:59"
        },
        {
            "_id": 202602,
            "account":"country--ph--100069415766660--09469416518--armada panie.txt",
            "reason":"账号受限，备用BM已挂",
            "extension":"林鸿兰",
            "type":"信用卡",
            "ip":"HK",
            "batch":"MX专用3",
            "date":"2021-09-09 14:48:59"
        },
        {
            "_id": 202612,
            "account":"country--ph--100069415766660--09469416518--armada panie.txt",
            "reason":"账号受限，备用BM已挂",
            "extension":"黄晨娃",
            "type":"信用卡",
            "ip":"HK",
            "batch":"MX专用3",
            "date":"2021-09-10 14:48:59"
        },
        {
            "_id": 202678,
            "account":"country--ph--100069415766660--09469416518--armada panie.txt",
            "reason":"账号受限，备用BM已挂",
            "extension":"李广鑫",
            "type":"信用卡",
            "ip":"HK",
            "batch":"MX专用1",
            "date":"2021-09-11 14:48:59"
        },
        {
            "_id": 202690,
            "account":"country--ph--100069415766660--09469416518--armada panie.txt",
            "reason":"账号受限，备用BM已挂",
            "extension":"黄晨娃",
            "type":"信用卡",
            "ip":"HK",
            "batch":"MX专用2",
            "date":"2021-09-12 14:48:59"
        },
        {
            "_id": 202647,
            "account":"country--ph--100069415766660--09469416518--armada panie.txt",
            "reason":"账号受限，备用BM已挂",
            "extension":"李广鑫",
            "type":"信用卡",
            "ip":"HK",
            "batch":"MX专用3",
            "date":"2021-09-13 14:48:59"
        }
    ],
    "accountFilter": ["大黑号","冷黑号","专业号","BM号","信用卡","泰铢","印尼盾","欧元"],
    "myAccountData": [
        {
            "_id": 191618,
            "account": "919720613",
            "type": "信用卡",
            "accountName": "0812-0-104-50美元-4185-791814124844904",
            "limit": "50",
            "IP": "hk",
            "getDate": "2021/08/17 10:05",
            "remarks": "受限了",
            "myRemarks": "",
            "status": "已分配"
        },
        {
            "_id": 191618,
            "account": "anna.polikarpova.28.2.1959@mail.ru",
            "type": "信用卡",
            "accountName": "0812-0-104-50美元-4185-791814124844904",
            "limit": "50",
            "IP": "hk",
            "getDate": "2021/08/17 10:05",
            "remarks": "受限了",
            "myRemarks": "",
            "status": "已分配"
        },
        {
            "_id": 191618,
            "account": "919720613",
            "type": "信用卡",
            "accountName": "0812-0-104-50美元-4185-791814124844904",
            "limit": "50",
            "IP": "hk",
            "getDate": "2021/08/17 10:05",
            "remarks": "受限了",
            "myRemarks": "",
            "status": "已分配"
        },
        {
            "_id": 191618,
            "account": "919720613",
            "type": "信用卡",
            "accountName": "0812-0-104-50美元-4185-791814124844904",
            "limit": "50",
            "IP": "hk",
            "getDate": "2021/08/17 10:05",
            "remarks": "受限了",
            "myRemarks": "",
            "status": "已分配"
        },
        {
            "_id": 191618,
            "account": "anna.polikarpova.28.2.1959@mail.ru",
            "type": "信用卡",
            "accountName": "0812-0-104-50美元-4185-791814124844904",
            "limit": "50",
            "IP": "hk",
            "getDate": "2021/08/17 10:05",
            "remarks": "受限了",
            "myRemarks": "",
            "status": "已分配"
        },
        {
            "_id": 191618,
            "account": "919720613",
            "type": "信用卡",
            "accountName": "0812-0-104-50美元-4185-791814124844904",
            "limit": "50",
            "IP": "hk",
            "getDate": "2021/08/17 10:05",
            "remarks": "受限了",
            "myRemarks": "",
            "status": "已分配"
        },
        {
            "_id": 191618,
            "account": "anna.polikarpova.28.2.1959@mail.ru",
            "type": "信用卡",
            "accountName": "0812-0-104-50美元-4185-791814124844904",
            "limit": "50",
            "IP": "hk",
            "getDate": "2021/08/17 10:05",
            "remarks": "受限了",
            "myRemarks": "",
            "status": "已分配"
        },
        {
            "_id": 191618,
            "account": "919720613",
            "type": "信用卡",
            "accountName": "0812-0-104-50美元-4185-791814124844904",
            "limit": "50",
            "IP": "hk",
            "getDate": "2021/08/17 10:05",
            "remarks": "受限了",
            "myRemarks": "",
            "status": "已分配"
        },
        {
            "_id": 191618,
            "account": "anna.polikarpova.28.2.1959@mail.ru",
            "type": "信用卡",
            "accountName": "0812-0-104-50美元-4185-791814124844904",
            "limit": "50",
            "IP": "hk",
            "getDate": "2021/08/17 10:05",
            "remarks": "受限了",
            "myRemarks": "",
            "status": "已分配"
        },
        {
            "_id": 191618,
            "account": "919720613",
            "type": "信用卡",
            "accountName": "0812-0-104-50美元-4185-791814124844904",
            "limit": "50",
            "IP": "hk",
            "getDate": "2021/08/17 10:05",
            "remarks": "受限了",
            "myRemarks": "",
            "status": "已分配"
        }
    ],
    "new_form_highquota_tabledata": [
        {
            "type": "大黑号",
            "limit": "其他",
            "batch":"chris cod专用大黑",
            "number": 6
        },
        {
            "type": "大黑号",
            "limit": "其他",
            "batch":"chris cod专用大黑",
            "number": 6
        },
        {
            "type": "大黑号",
            "limit": "其他",
            "batch":"chris cod专用大黑",
            "number": 6
        },
        {
            "type": "大黑号",
            "limit": "其他",
            "batch":"chris cod专用大黑",
            "number": 6
        },
        {
            "type": "大黑号",
            "limit": "其他",
            "batch":"chris cod专用大黑",
            "number": 6
        },
        {
            "type": "大黑号",
            "limit": "其他",
            "batch":"chris cod专用大黑",
            "number": 6
        },
        {
            "type": "大黑号",
            "limit": "其他",
            "batch":"chris cod专用大黑",
            "number": 6
        },
        {
            "type": "大黑号",
            "limit": "其他",
            "batch":"chris cod专用大黑",
            "number": 6
        },
        {
            "type": "大黑号",
            "limit": "其他",
            "batch":"chris cod专用大黑",
            "number": 6
        },
        {
            "type": "大黑号",
            "limit": "其他",
            "batch":"chris cod专用大黑",
            "number": 6
        },
        {
            "type": "大黑号",
            "limit": "其他",
            "batch":"chris cod专用大黑",
            "number": 6
        },
        {
            "type": "大黑号",
            "limit": "其他",
            "batch":"chris cod专用大黑",
            "number": 6
        }
    ],
    "new_form_highquota_extension": ["a","b","c","d","e","f","g","h"],
    "new_form_highquota_batch": ["批次1","批次2","批次3","批次4","批次5"],
    "makeOver_user": ["user1","user2","user3","user4","user5"]
}