{
    "accounttabledata": [
        {
            "_id":"206938",
            "account": "17231748",
            "type": "信用卡",
            "accountname": "0904-0-255-50美元-6068-1486051265073294",
            "limit": "50",
            "comebatch": "chris专用0Y",
            "extension": "无",
            "remarks": "无",
            "status": "可分配",

            "password": "khorwaaa",
            "cookie": "[{'name':'m_pixel_ratio','value':'2.625','domain':'.facebook.com','path':'/','expires':1677161016479,'size':18,'httpOnly':true,'secure':true,'session':false,'priority':'Medium'},{'name':'datr','value':'pKojYUCUoHXIYMp6UIYQ1m8c','domain':'.facebook.com','path':'/','expires':1677161016479,'size':28,'httpOnly':true,'secure':true,'session':false,'priority':'Medium'},{'name':'c_user','value':'100069804124728','domain':'.facebook.com','path':'/','expires':1677161016479,'size':21,'httpOnly':true,'secure':true,'session':false,'priority':'Medium'},{'name':'xs','value':'33%3A-F3HR8xNUdLO2w%3A2%3A1629727409%3A-1%3A5907','domain':'.facebook.com','path':'/','expires':1677161016479,'size':50,'httpOnly':true,'secure':true,'session':false,'priority':'Medium'},{'name':'fr','value':'14DqGNo7cCZtQJFyJ.AWVjhxr9nqyZzgNslDj2yuoW5-0.BhI6qk.G9.AAA.0.0.BhI6qw.AWUemfK90EM','domain':'.facebook.com','path':'/','expires':1677161016479,'size':84,'httpOnly':true,'secure':true,'session':false,'priority':'Medium'},{'name':'wd','value':'412x452','domain':'.facebook.com','path':'/','expires':1677161016479,'size':9,'httpOnly':true,'secure':true,'session':false,'priority':'Medium'},{'name':'sb','value':'pKojYYkL6iYShQ0HtrFIiy4r','domain':'.facebook.com','path':'/','expires':1677161016479,'size':26,'httpOnly':true,'secure':true,'session':false,'priority':'Medium'},{'name':'spin','value':'r.1004296494_b.trunk_t.1629775726_s.1_v.2_','domain':'.facebook.com','path':'/','expires':1629865726.880925,'size':46,'httpOnly':true,'secure':true,'session':false,'sameSite':'None','priority':'Medium'},{'name':'test_cookie','value':'CheckForPermission','domain':'.doubleclick.net','path':'/','expires':1629776628.25138,'size':29,'httpOnly':false,'secure':true,'session':false,'sameSite':'None','priority':'Medium'}]",
            "accountbm": "信用卡户0.14/0.16",
            "adid": "1486051265073294",
            "cardNumber": "5329594361206068",
            "rechargeCardNumber": "asdas",
            "ComeDate":"1998-07-14",
            "ip":"hk",
            "uploaddate":"2021-09-04 20:18:58",
            "updatedate":"2021-09-04 20:18:58",
            "Logging":"2021-09-04 20:18:58 黎顺珊(lss)(uid555) 导入了账号"
        },
        {
            "_id":"206938_1",
            "account": "17231748_1",
            "type": "信用卡",
            "accountname": "0904-0-255-50美元-6068-1486051265073294",
            "limit": "50",
            "comebatch": "chris专用0Y",
            "extension": "无",
            "remarks": "无",
            "status": "可分配",
            
            "password": "khorwaaa",
            "cookie": "cookieeeeeeeee",
            "accountbm": "信用卡户0.14/0.16",
            "adid": "1486051265073294",
            "cardNumber": "5329594361206068",
            "rechargeCardNumber": "asdas",
            "ComeDate":"1998-07-14",
            "ip":"hk",
            "uploaddate":"2021-09-04 20:18:58",
            "updatedate":"2021-09-04 20:18:58",
            "Logging":"2021-09-04 20:18:58 黎顺珊(lss)(uid555) 导入了账号"
        },
        {
            "_id":"206938_2",
            "account": "17231748_2",
            "type": "信用卡",
            "accountname": "0904-0-255-50美元-6068-1486051265073294",
            "limit": "50",
            "comebatch": "chris专用0Y",
            "extension": "无",
            "remarks": "无",
            "status": "可分配",
            
            "password": "khorwaaa",
            "cookie": "cookieeeeeeeee",
            "accountbm": "信用卡户0.14/0.16",
            "adid": "1486051265073294",
            "cardNumber": "5329594361206068",
            "rechargeCardNumber": "asdas",
            "ComeDate":"1998-07-14",
            "ip":"hk",
            "uploaddate":"2021-09-04 20:18:58",
            "updatedate":"2021-09-04 20:18:58",
            "Logging":"2021-09-04 20:18:58 黎顺珊(lss)(uid555) 导入了账号"
        },
        {
            "_id":"206938_3",
            "account": "17231748_3",
            "type": "信用卡",
            "accountname": "0904-0-255-50美元-6068-1486051265073294",
            "limit": "50",
            "comebatch": "chris专用0Y",
            "extension": "无",
            "remarks": "无",
            "status": "可分配",
            
            "password": "khorwaaa",
            "cookie": "cookieeeeeeeee",
            "accountbm": "信用卡户0.14/0.16",
            "adid": "1486051265073294",
            "cardNumber": "5329594361206068",
            "rechargeCardNumber": "asdas",
            "ComeDate":"1998-07-14",
            "ip":"hk",
            "uploaddate":"2021-09-04 20:18:58",
            "updatedate":"2021-09-04 20:18:58",
            "Logging":"2021-09-04 20:18:58 黎顺珊(lss)(uid555) 导入了账号"
        },
        {
            "_id":"206938_4",
            "account": "17231748_4",
            "type": "信用卡",
            "accountname": "0904-0-255-50美元-6068-1486051265073294",
            "limit": "50",
            "comebatch": "chris专用0Y",
            "extension": "无",
            "remarks": "无",
            "status": "可分配",
            
            "password": "khorwaaa",
            "cookie": "cookieeeeeeeee",
            "accountbm": "信用卡户0.14/0.16",
            "adid": "1486051265073294",
            "cardNumber": "5329594361206068",
            "rechargeCardNumber": "asdas",
            "ComeDate":"1998-07-14",
            "ip":"hk",
            "uploaddate":"2021-09-04 20:18:58",
            "updatedate":"2021-09-04 20:18:58",
            "Logging":"2021-09-04 20:18:58 黎顺珊(lss)(uid555) 导入了账号"
        },
        {
            "_id":"206938_5",
            "account": "17231748_5",
            "type": "信用卡",
            "accountname": "0904-0-255-50美元-6068-1486051265073294",
            "limit": "50",
            "comebatch": "chris专用0Y",
            "extension": "无",
            "remarks": "无",
            "status": "可分配",
            
            "password": "khorwaaa",
            "cookie": "cookieeeeeeeee",
            "accountbm": "信用卡户0.14/0.16",
            "adid": "1486051265073294",
            "cardNumber": "5329594361206068",
            "rechargeCardNumber": "asdas",
            "ComeDate":"1998-07-14",
            "ip":"hk",
            "uploaddate":"2021-09-04 20:18:58",
            "updatedate":"2021-09-04 20:18:58",
            "Logging":"2021-09-04 20:18:58 黎顺珊(lss)(uid555) 导入了账号"
        },
        {
            "_id":"206938_6",
            "account": "17231748_6",
            "type": "信用卡",
            "accountname": "0904-0-255-50美元-6068-1486051265073294",
            "limit": "50",
            "comebatch": "chris专用0Y",
            "extension": "无",
            "remarks": "无",
            "status": "可分配",
            
            "password": "khorwaaa",
            "cookie": "cookieeeeeeeee",
            "accountbm": "信用卡户0.14/0.16",
            "adid": "1486051265073294",
            "cardNumber": "5329594361206068",
            "rechargeCardNumber": "asdas",
            "ComeDate":"1998-07-14",
            "ip":"hk",
            "uploaddate":"2021-09-04 20:18:58",
            "updatedate":"2021-09-04 20:18:58",
            "Logging":"2021-09-04 20:18:58 黎顺珊(lss)(uid555) 导入了账号"
        },
        {
            "_id":"206938_7",
            "account": "17231748_7",
            "type": "信用卡",
            "accountname": "0904-0-255-50美元-6068-1486051265073294",
            "limit": "50",
            "comebatch": "chris专用0Y",
            "extension": "无",
            "remarks": "无",
            "status": "可分配",
            
            "password": "khorwaaa",
            "cookie": "cookieeeeeeeee",
            "accountbm": "信用卡户0.14/0.16",
            "adid": "1486051265073294",
            "cardNumber": "5329594361206068",
            "rechargeCardNumber": "asdas",
            "ComeDate":"1998-07-14",
            "ip":"hk",
            "uploaddate":"2021-09-04 20:18:58",
            "updatedate":"2021-09-04 20:18:58",
            "Logging":"2021-09-04 20:18:58 黎顺珊(lss)(uid555) 导入了账号"
        },
        {
            "_id":"206938_8",
            "account": "17231748_8",
            "type": "信用卡",
            "accountname": "0904-0-255-50美元-6068-1486051265073294",
            "limit": "50",
            "comebatch": "chris专用0Y",
            "extension": "无",
            "remarks": "无",
            "status": "可分配",
            
            "password": "khorwaaa",
            "cookie": "cookieeeeeeeee",
            "accountbm": "信用卡户0.14/0.16",
            "adid": "1486051265073294",
            "cardNumber": "5329594361206068",
            "rechargeCardNumber": "asdas",
            "ComeDate":"1998-07-14",
            "ip":"hk",
            "uploaddate":"2021-09-04 20:18:58",
            "updatedate":"2021-09-04 20:18:58",
            "Logging":"2021-09-04 20:18:58 黎顺珊(lss)(uid555) 导入了账号"
        },
        {
            "_id":"206938_9",
            "account": "17231748_9",
            "type": "信用卡",
            "accountname": "0904-0-255-50美元-6068-1486051265073294",
            "limit": "50",
            "comebatch": "chris专用0Y",
            "extension": "无",
            "remarks": "无",
            "status": "可分配",
            
            "password": "khorwaaa",
            "cookie": "cookieeeeeeeee",
            "accountbm": "信用卡户0.14/0.16",
            "adid": "1486051265073294",
            "cardNumber": "5329594361206068",
            "rechargeCardNumber": "asdas",
            "ComeDate":"1998-07-14",
            "ip":"hk",
            "uploaddate":"2021-09-04 20:18:58",
            "updatedate":"2021-09-04 20:18:58",
            "Logging":"2021-09-04 20:18:58 黎顺珊(lss)(uid555) 导入了账号"
        },
        {
            "_id":"206938_10",
            "account": "17231748_10",
            "type": "信用卡",
            "accountname": "0904-0-255-50美元-6068-1486051265073294",
            "limit": "50",
            "comebatch": "chris专用0Y",
            "extension": "无",
            "remarks": "无",
            "status": "可分配",
            
            "password": "khorwaaa",
            "cookie": "cookieeeeeeeee",
            "accountbm": "信用卡户0.14/0.16",
            "adid": "1486051265073294",
            "cardNumber": "5329594361206068",
            "rechargeCardNumber": "asdas",
            "ComeDate":"1998-07-14",
            "ip":"hk",
            "uploaddate":"2021-09-04 20:18:58",
            "updatedate":"2021-09-04 20:18:58",
            "Logging":"2021-09-04 20:18:58 黎顺珊(lss)(uid555) 导入了账号"
        }
    ],
    "accountTypeFilter": [
        "大黑号","冷黑号","专业号","BM号","信用卡","泰铢","印尼盾","欧元"
    ],
    "limitFilter": ["25","50","其他","半限额","不限额"],
    "statusFilter": ["可分配","已分配","申请回收","确认回收","拒绝回收","退回","不可用"],
    "extensionFilter": ["a","b","c","d","e","f","g"]
}