{
    "consumptiondeclaration": [
        {
            "date": "2021-09-09",
            "_id": "1107300019618255",
            "project": "",
            "account": "0812-0-118-50美元-0967-1107300019618255",
            "currency": "USD",
            "amount": "",
            "remarks": ""
        },
        {
            "date": "2021-09-10",
            "_id": "1107300019618255",
            "project": "",
            "account": "0812-0-118-50美元-0967-1107300019618255",
            "currency": "USD",
            "amount": "",
            "remarks": ""
        },        {
            "date": "2021-09-10",
            "_id": "1107300019618255",
            "project": "",
            "account": "0812-0-118-50美元-0967-1107300019618255",
            "currency": "USD",
            "amount": "",
            "remarks": ""
        },        {
            "date": "2021-09-10",
            "_id": "1107300019618255",
            "project": "",
            "account": "0812-0-118-50美元-0967-1107300019618255",
            "currency": "USD",
            "amount": "",
            "remarks": ""
        },        {
            "date": "2021-09-01",
            "_id": "1107300019618255",
            "project": "",
            "account": "0812-0-118-50美元-0967-1107300019618255",
            "currency": "USD",
            "amount": "",
            "remarks": ""
        },        {
            "date": "2021-09-10",
            "_id": "1107300019618255",
            "project": "",
            "account": "0812-0-118-50美元-0967-1107300019618255",
            "currency": "USD",
            "amount": "",
            "remarks": ""
        },        {
            "date": "2021-08-10",
            "_id": "1107300019618255",
            "project": "",
            "account": "0812-0-118-50美元-0967-1107300019618255",
            "currency": "USD",
            "amount": "",
            "remarks": ""
        },        {
            "date": "2021-09-10",
            "_id": "1107300019618255",
            "project": "",
            "account": "0812-0-118-50美元-0967-1107300019618255",
            "currency": "USD",
            "amount": "",
            "remarks": ""
        },        {
            "date": "2021-09-10",
            "_id": "1107300019618255",
            "project": "",
            "account": "0812-0-118-50美元-0967-1107300019618255",
            "currency": "USD",
            "amount": "",
            "remarks": ""
        },        {
            "date": "2021-08-12",
            "_id": "1107300019618255",
            "project": "",
            "account": "0812-0-118-50美元-0967-1107300019618255",
            "currency": "USD",
            "amount": "",
            "remarks": ""
        }
    ]
}