{
    
    "creditcardTableData": [
        {
            "id": "1107300019618255",
            "name": "0812-0-118-50美元-0967-1107300019618255",
            "cardnumber": "5329596538930967",
            "balance": "0.00",
            "RechargeLimit": 50
        },
        {
            "id": "2495672657392603",
            "name": "0812-0-110-50美元-0712-2495672657392603",
            "cardnumber": "5329593800730712",
            "balance": "0.00",
            "RechargeLimit": 20
        },
        {
            "id": "791814124844904",
            "name": "0812-0-104-50美元-4185-791814124844904",
            "cardnumber": "5329595365594185",
            "balance": "0.00",
            "RechargeLimit": 30
        }
    ]
}