{
    "EmployeeList": [
        {   "_id": 1,
            "name": "admin",
            "realname": "超管",
            "department": "推广部",
            "type": "超管",
            "post": "主管",
            "status": "激活",
            "date": "2019-11-26 11:47:46",
            "sex": "男",
            "phoneNumber": 123456789,
            "email": "690469641@qq.com",
            "leader": "斤达",
            "password": "98523642",
            "remarks": "无"
        },
        {
            "_id": 2,
            "name": "rt001",
            "realname": "chris",
            "department": "推广部",
            "type": "超管",
            "post": "主管",
            "status": "激活",
            "date": "2019-11-26 11:47:46"
        },
        {
            "_id": 3,
            "name": "rt002",
            "realname": "林生智",
            "department": "数据部",
            "type": "员工",
            "post": "数据部组长",
            "status": "不能登陆",
            "date": "2019-11-26 11:47:46"
        },
        {
            "_id": 4,
            "name": "rt003",
            "realname": " 叶林青",
            "department": "推广部",
            "type": "员工",
            "post": "项目组长",
            "status": "激活",
            "date": "2019-11-26 11:47:46"
        },
        {
            "_id": 5,
            "name": "rt004",
            "realname": "曾宏辉",
            "department": "推广部",
            "type": "员工",
            "post": "推广员",
            "status": "不能登陆",
            "date": "2019-11-26 11:47:46"
        },
        {
            "_id": 6,
            "name": "rt005",
            "realname": "林嘉炜",
            "department": "推广部",
            "type": "员工",
            "post": "推广员",
            "status": "不能登陆",
            "date": "2019-11-26 11:47:46"
        },
        {
            "_id": 7,
            "name": "rt006",
            "realname": "魏俊杰",
            "department": "推广部",
            "type": "员工",
            "post": "推广员",
            "status": "不能登陆",
            "date": "2019-11-26 11:47:46"
        },
        {
            "_id": 8,
            "name": "rt007",
            "realname": "方宇良",
            "department": "推广部",
            "type": "员工",
            "post": "推广员",
            "status": "激活",
            "date": "2019-11-26 11:47:46"
        },
        {
            "_id": 9,
            "name": "rt008",
            "realname": "曾素平",
            "department": "推广部",
            "type": "员工",
            "post": "COD组长",
            "status": "激活",
            "date": "2019-11-26 11:47:46"
        },
        {
            "_id": 10,
            "name": "rt009",
            "realname": "周其略",
            "department": "推广部",
            "type": "员工",
            "post": "推广员",
            "status": "激活",
            "date": "2019-11-26 11:47:46"
        }
    ],
    "MemberManagement": [
        {
            "_id": 1,
            "name": "lx",
            "realname": "李鑫",
            "department": "推广部",
            "type": "员工",
            "post": "主管",
            "date": "2021-03-07 15:35:50"
        }
    ],
    "new_form_sex": ["男","女"],
    "new_form_leader": ["超管","chris","林生智","叶林青","曾素平","郑岳玲","杨飞帆","翁锡鹏","廖振海","超管2","李鑫","cod组长","谢明兴","刘福荣","邱晓辉"],
    "new_form_type": ["超管","员工"],
    "new_form_status": ["不能登陆","激活"]
}